Make,8649
Cook,1498
Bake,369
Use,302
Freeze,240
Prepare,219
Eat,163
Store,153
the,150
of,144
Grill,134
Roast,118
Keep,108
Clean,97
a,94
Smoke,90
to,87
Boil,79
Cut,71
Can,71
Tell,70
I,67
Fry,67
for,66
Substitute,63
Remove,56
Get,52
Choose,50
Dry,49
Reheat,49
Serve,48
Thicken,46
Steam,45
Season,44
Fix,43
Buy,42
Broil,39
Go,38
Way,37
Pickle,36
Peel,36
Decorate,35
Add,34
Melt,34
Preserve,34
Create,34
Do,33
Marinate,33
Cooking,32
Between,32
Pan,31
Know,31
make,31
You,30
Tenderize,29
Slow,27
Heat,26
in,26
Vs,25
Defrost,24
Does,24
Deep,22
Blanch,22
Are,22
Carve,21
Dehydrate,21
Recipe,20
Chicken,20
Should,20
Brine,20
Soften,19
Stop,19
Measure,19
Find,18
Microwave,18
Convert,17
Cheese,16
Prevent,16
Soak,16
Thaw,15
Build,15
Be,14
Substitutes.json,14
Cure,14
Toast,14
Ripen,14
Reduce,13
Oven,13
Brown,13
Ideas.json,13
Order,13
How,13
With,13
Food,12
Open,12
Poach,12
Foods,12
Take,11
and,11
Put,11
Wash,11
vs,11
Ways,11
BBQ,10
Identify,10
Is,10
Chocolate,10
an,10
Color,10
Turn,10
Determine,10
Warm,10
Replace,10
Beef,9
Shred,9
Sear,9
Grind,9
Good,9
Fillet,9
Fold,8
French,8
White,8
Chop,8
Extract,8
Brew,8
Calculate,8
Parboil,8
Soup,8
Bread,8
Cream,8
Ideas,8
Juice,8
Improve,8
Pressure,8
on,8
Dishes,8
Mix,8
Ship,8
Cooker,8
Instructions.json,8
Meat,8
Sweeten,7
Using,7
Infuse,7
It,7
Quick,7
Slice,7
Sugar,7
That,7
Frost,7
Shell,7
Will,7
Pick,7
Hard,7
Cake,7
Ice,7
Quickly,7
Ferment,7
Check,7
Troubleshoot,7
Cover,6
Saute,6
Spices.json,6
Pot,6
Crack,6
Edible,6
Cold,6
Flavor,6
Cool,6
Stir,6
Become,6
Bar,6
Salt,6
Pork,6
Have,6
Saut,6
Casserole,6
Pack,6
Baked,6
Stuffed,6
Lemon,6
Baste,6
Foods.json,6
Kosher,6
Adjust,6
Beer,5
Properly,5
Homemade,5
Test,5
Flour,5
Age,5
Apple,5
Some,5
Top,5
Transport,5
All,5
Fill,5
Enjoy,5
Sprout,5
Pop,5
Re,5
Easily,5
Facts.json,5
Avoid,5
Cuts,5
Truss,5
Finger,5
Popcorn,5
Debone,5
Garnish,5
Refreeze,5
Times,5
Need,5
Roll,5
Rice,5
Crush,5
Double,5
Save,5
Pipe,5
Potato,5
cook,5
Chinese,5
Egg,5
Butcher,4
Red,4
Precook,4
s,4
Cube,4
Start,4
Rib,4
Pizza,4
Air,4
Side,4
Understand,4
Gouda,4
Ingredients.json,4
My,4
Blacken,4
Throw,4
Spice,4
Handle,4
Sour,4
Ham,4
Select,4
Dinner,4
Thin,4
Italian,4
Five,4
Smoked,4
Sell,4
Raise,4
Appetizer,4
Making,4
Corn,4
Wine,4
Hot,4
Line,4
Wrap,4
Set,4
Assemble,4
Upgrade,4
Marinade,4
Paint,4
Spices,4
Substitutes,4
Snack,4
Pots,4
Peanut,4
Butter,4
Finely,4
Strawberry,4
Barbecue,4
Gumbo,4
Grate,4
Snacks,4
Finish,4
Potatoes,4
Refrigerate,4
Moisten,4
Restore,4
Chili,4
Care,4
Plan,4
Organize,4
Braise,4
Water,3
Rescue,3
Crackers,3
Boost,3
Clarify,3
Soft,3
Apply,3
Pluck,3
De,3
Press,3
Grease,3
Mustard,3
Hold,3
Layer,3
Pie,3
Beans,3
Pit,3
Spread,3
Dish,3
Feed,3
Coat,3
Dress,3
Host,3
Beers,3
Sweet,3
Stock,3
Mince,3
Cutting,3
Irish,3
Step,3
Stew,3
Greek,3
Bacon,3
Write,3
Shape,3
Drink,3
Core,3
Wild,3
From,3
Canned,3
Black,3
Glaze,3
Plantain,3
Sharpen,3
Dip,3
Canning,3
Well,3
Crab,3
Puree,3
Mexican,3
Arrange,3
Fresh,3
Vegetables,3
Charbroil,3
Dog,3
if,3
Lobster,3
Catch,3
Still,3
Read,3
Dissolve,3
Directions.json,3
Perfectly,3
Gravy,3
Seasoning,3
Dye,3
Party,3
Vegetable,3
Display,3
Operate,3
Cocoa,3
Separate,3
Sauce,3
Pair,3
Fondue,3
Recipe.json,3
Recipes,3
Kill,3
When,3
Summer,3
Spanish,3
Meal,3
Fruit,3
Dice,3
Refill,3
Easy,2
Boiled,2
Basics,2
Grow,2
Substitute.json,2
Milk,2
Pare,2
Arroz,2
Pistachios,2
Carbonated,2
Activate,2
Machine,2
Rehydrate,2
Tie,2
Par,2
Drinks.json,2
Light,2
Cajun,2
Meals,2
Campbell,2
toast,2
Storage,2
Pears,2
Appetizers.json,2
Home,2
People,2
Dover,2
with,2
Kiwi,2
Reconstitute,2
Drizzle,2
Stuff,2
Enhance,2
Cheeses,2
Gut,2
Apples,2
Salads.json,2
Cheesy,2
Rinse,2
Refresh,2
Pasteurize,2
Preservatives.json,2
Tapioca,2
Puff,2
Seafood,2
Tri,2
Freezing,2
Plum,2
Cookies,2
Plump,2
Anchovies,2
Strain,2
Mayonnaise,2
Desalt,2
Skin,2
Butterfly,2
Yogurt,2
Neutralize,2
Explain,2
Mail,2
Jam,2
Crumble,2
Jar,2
Halal,2
Ground,2
Follow,2
Spatchcock,2
Best,2
Batter,2
Drain,2
Seal,2
Vanilla,2
Fried,2
Pineapple,2
Maximize,2
Macerate,2
Baking,2
Figure,2
Crisp,2
Nuts,2
Pumpkin,2
Cocktail,2
To,2
Non,2
Free,2
Lasagna,2
Imitation,2
Temper,2
Christmas,2
Yeast,2
Collect,2
Convection,2
Safely,2
Smoker,2
Purchase,2
Reuse,2
Pickled,2
Pasta,2
Detect,2
Bottle,2
Work,2
Goat,2
Dispose,2
Mushrooms,2
Liquify,2
Glass,2
Coffee,2
Ricotta,2
Charcoal,2
Steamer,2
Vacuum,2
Goes,2
Rock,2
Love,2
Dark,2
Fall,2
Salvage,2
List.json,2
Donuts,2
Bag,2
Pepper,2
Produce,2
Purge,2
Method,2
Scotch,2
Maker,2
Gingerbread,2
Fast,2
Seasonings,2
Blue,2
Pickling,2
Thyme,2
Farm,2
Your,2
Dough,2
Types,2
Difference,2
Dried,2
Hand,2
Remedy,2
Smoothie,2
Sterilize,2
Brownies,2
Revive,2
Kidney,2
Pour,2
Salad,2
Fudge,2
Shave,2
Pecan,2
Different,2
Onion,2
it,2
Descale,2
Melting,2
Steel,2
Freshen,2
Spoiled,2
Wrappers,2
Wines,2
Muffin,2
Banana,2
Oil,2
Shuck,2
Lamb,2
Clear,2
Steak,2
Devein,2
Gourmet,2
Sauces.json,2
Print,2
Meatballs.json,2
Toss,2
re,2
Raclette,2
Split,2
Estimate,2
Process,2
Metal,2
Mold,2
Knead,2
Combine,2
Time,2
What,2
Eating,2
Calories,2
Every,2
Bone,2
Ginger,2
Asian,2
Reheating,2
Caffeine,2
Honey,2
Broast,2
Package,2
German,2
Lessen,2
Shredded,2
Inject,2
Table,2
Tap,2
Harvest,2
Affect,2
Taco,2
Pans,2
Nachos,2
Uses,2
Beat,2
Bean,2
Maple,2
Chops,2
Whip,2
Cheesecake,1
Noodle,1
Poundcake,1
Rules.json,1
Raw,1
Emulsify,1
Mild,1
Leach,1
Past,1
Greatest,1
Uneven,1
Squeeze,1
Desserts.json,1
Things,1
Sauerkraut.json,1
Bratwurst,1
Alcoholic,1
Pinwheel,1
Bovril,1
Bruschetta.json,1
F,1
Paraffin,1
O,1
Bakeware,1
Mini,1
Inspired,1
Bruschetta,1
Feather,1
Dirty,1
Lightly,1
Center,1
Disinfect,1
Trim,1
Minimize,1
Supper,1
Phytoplankton.json,1
Manioc,1
Gnocchi,1
DIY,1
Popcorn.json,1
Bran,1
Sliders.json,1
Tails.json,1
Jewish,1
Stovetop,1
Fryers.json,1
oeuvres,1
Turtle,1
McMuffins,1
Oatmeal,1
Tasso,1
About,1
Almond,1
State,1
Depressurize,1
Macaroni,1
Bottom,1
Smoking,1
Form,1
Directions,1
El,1
Naturally,1
Inexpensive,1
Pistachios.json,1
Sole,1
Present,1
Pomme,1
Udon,1
Tailgating,1
Barbeque,1
Greaseproof,1
Mein,1
Indian,1
Caesar,1
Crushed,1
Made,1
Magnalite,1
Blueberry,1
Braid,1
Sipping,1
Busch,1
Crunch,1
Yourself,1
Wilton,1
Boiling,1
Just,1
Mounting,1
Colors,1
Too,1
Cereal,1
Torte,1
Cooking.json,1
If,1
Hide,1
American,1
Glace,1
Bend,1
Refry,1
Fenugreek.json,1
Squash,1
Prosciutto.json,1
Cod,1
Gelatin.json,1
Brie.json,1
Sofrito.json,1
Pig,1
Wrap.json,1
Certo,1
VSOP,1
Transition,1
Langostino,1
Russians,1
New,1
Choice,1
Palomino,1
Plug,1
Bites,1
Tomato,1
Bags,1
Ramen,1
Factor,1
Mashed,1
Thai,1
Liqueur.json,1
Broccoli.json,1
Pomegranate,1
Types.json,1
Antipasto,1
Lo,1
Salmon,1
Catching,1
Jalapeno,1
Beets,1
Secret,1
Skid,1
Quiche.json,1
Recycle,1
Skim,1
Soup.json,1
Steaks.json,1
Plantains.json,1
Absorb,1
Cilantro.json,1
Almonds.json,1
Coca,1
Omega,1
Apples.json,1
Calamari.json,1
Crimini,1
Eliminate,1
Hiccups,1
Decrystallize,1
Dilute,1
Cuban,1
Safety,1
France,1
Sheaves,1
Lentil,1
English,1
Alkalized,1
Deli,1
Caramelise,1
Ball,1
Laden,1
Aluminum,1
Breasts,1
Braai,1
Mortadella,1
Consumes,1
Smooth,1
Malt,1
Blanche,1
Repair,1
Hispanic,1
Topped,1
Herbs,1
Longhorn,1
Molasses,1
Techniques,1
Tamarind,1
Instant,1
Pinto,1
Creme,1
pack,1
Bahamian,1
Covered,1
Marshmallows,1
Sneak,1
Fettuccine,1
Equipment.json,1
Art,1
Pull,1
Deconstructed,1
Qt,1
Stuffing,1
Would,1
Emulsifiers.json,1
Starter,1
Pulp,1
Royal,1
are,1
Fish,1
Glazed,1
Affecting,1
Stay,1
Simmer,1
Rub,1
Butter.json,1
Really,1
Kimchi,1
Oysters.json,1
Crabs,1
Glazes,1
Leftovers,1
Crystallize,1
Collagen,1
Fire,1
Lentils.json,1
Learn,1
Passed,1
BEACH,1
Methods.json,1
Breed,1
Bleu,1
Countries,1
Grown,1
Strips.json,1
Tailgating.json,1
Alcohol,1
Pro,1
Dulse,1
Sweat,1
Install,1
Harden,1
Plates,1
Fancy,1
Bring,1
Smoothies,1
Tilapia,1
Involved,1
Sorghum.json,1
Cannelloni,1
Not,1
Score,1
Capri,1
Decrease,1
Seed,1
Long,1
Tater,1
Up,1
Judge,1
Linguine,1
Sesame,1
Crisping,1
Remold,1
Starch.json,1
Zest,1
Roaster,1
Pods,1
Leave,1
NAFTA,1
Ganache,1
Places,1
Disconnect,1
Substitutions,1
Flake,1
Julienne,1
Stainless,1
Scoop,1
Tartar,1
Wood,1
Kalamata,1
Condensed,1
Agricultural,1
Olives,1
Characteristics.json,1
way,1
Poultry.json,1
Jim,1
Frittata,1
Detox,1
Rennet,1
Wooden,1
Buttercream,1
Stroganoff.json,1
Filter,1
Alert,1
ALLE,1
Unleavened,1
Glutamine,1
Tapas.json,1
Quiche,1
Word,1
Come,1
Glutinous,1
Veggies,1
Thinny,1
Uses.json,1
Break,1
Lose,1
Fleur,1
Chloroplasts,1
Tomatoes.json,1
Prune,1
Fail,1
Flame,1
Spike,1
Revitalize,1
Varieties.json,1
Andouille,1
Carry,1
Sorghum,1
Harmful,1
Gulf,1
Dealcoholize,1
Mash,1
Commonly,1
Juice.json,1
Drop,1
Lox,1
Mason,1
Low,1
Idea,1
Life,1
Fireballs,1
Himalayan,1
grill,1
Refreezing.json,1
Help,1
Thinly,1
Ketose,1
Wet,1
Gooey,1
Scoring,1
Cheesecakes,1
Swiss,1
Formaldehyde,1
Fake,1
Minute,1
Without,1
Carob,1
Challah,1
Movie,1
Rump,1
Accompaniments,1
Nut,1
Found,1
Pesto,1
Lumpia,1
Cons,1
Honeycrisp,1
Type,1
Hardboil,1
Aged,1
Clams,1
Day,1
Curry,1
tell,1
Keeping,1
Precooked,1
Swirl,1
Shallots,1
Candy,1
Patent,1
Youth,1
Grade,1
Matcha,1
Fondant,1
Produces,1
Flat,1
Taro.json,1
Win,1
Gratin,1
Bedtime,1
Porras,1
Thumbprint,1
Bundles.json,1
Snap,1
Blow,1
Twist,1
Virgin,1
Pome,1
Zested,1
Wilt,1
Wonton,1
Flash,1
Rusk,1
Healthy,1
Decorative,1
Degrease,1
Bad,1
Famous,1
Electric,1
Only,1
Lunchbox,1
Bai,1
Tender,1
Lattice,1
Mayo,1
Sandwich,1
Moist,1
Jelly,1
Truffles,1
Polenta,1
Heart,1
Temperatures.json,1
Render,1
Recarbonate,1
Size,1
Coagulate,1
Insert,1
Correctly,1
Swedish,1
Design,1
Ranch,1
Verify,1
Straighten,1
Hog,1
Motor,1
Konjac,1
Saving,1
Teflon.json,1
Pairs,1
Copycat,1
Mississippi,1
Temperature.json,1
Transfer,1
Cupcakes,1
Maryland,1
Grocery,1
Shellfish.json,1
Hydrate,1
be,1
Vieja,1
Sew,1
Halve,1
Veganize,1
Crispen,1
Expeller,1
Slaw,1
Differentiate,1
Refinish,1
Neck,1
Hoisin,1
Orzo,1
Hams,1
Pico,1
Accent,1
Tilapia.json,1
Correct,1
Half,1
Featuring,1
Tchoupitoulas,1
Holiday,1
Better,1
Won,1
Cheese.json,1
Halva,1
Decipher,1
Jalapeno.json,1
Stabilize,1
Lasagna.json,1
Stone,1
Insulate,1
Gouda.json,1
Lace,1
Asafetida,1
Deggi,1
Acorn,1
Flip,1
Weight,1
Sizes,1
Frosting,1
Spoilage,1
Miller,1
Dinners,1
Pots.json,1
Glasses,1
Sunflower,1
Haddock.json,1
Cavatelli,1
Seeds,1
Cantaloupe.json,1
Cioppino,1
Ribs,1
Processing,1
Commercially.json,1
Rainbow,1
Steakhouse,1
Distilled,1
Blind,1
Kobe,1
Rodizio,1
Goose,1
Pasteurized,1
Reconstituted,1
Shiitake,1
Haddock,1
Sprats,1
Fave,1
Sirloin,1
Swiss.json,1
Colored,1
Grana,1
Stud,1
Duck,1
Pirate,1
Chicken.json,1
Import,1
Spot,1
Poultry,1
Garbanzo,1
Glucose,1
Eggs,1
Muslim,1
Pimento,1
Shucked,1
Flavour,1
Juicy,1
Ever,1
Processed,1
Quinoa,1
Peas,1
Don,1
Live,1
fry,1
Japanese,1
Perfect,1
Olive,1
Yellow,1
Cottage,1
Alternative.json,1
Linzer,1
Crust,1
Bucatini,1
Practice,1
Rose,1
Regrow,1
Souse,1
Improvise,1
Dairy,1
Cured,1
Thirsty,1
Buttermilk,1
Tuscan,1
Stages,1
Tools,1
Whole,1
Becherovka.json,1
Multiclad,1
Smoothies.json,1
Degas,1
Turmeric.json,1
Kusa,1
Pyrex,1
Products,1
Perform,1
Frosted,1
Trade,1
Skillet,1
Unrefrigerated,1
Marinated,1
Spry,1
Peppermint,1
City,1
Etiquette.json,1
Kettle,1
Tone,1
Proof,1
Defuzz,1
Ethnic,1
Canadian,1
Acetic,1
Coconut,1
Remote,1
Information,1
Dishes.json,1
Infused,1
Mandarin,1
Squash.json,1
Koji,1
Simplify,1
Loss.json,1
Curd.json,1
Mustard.json,1
Stretch,1
Horseradish,1
Scale,1
Wake,1
Mulled,1
Codfish.json,1
Scramble,1
Spend,1
Blended,1
Saltine,1
Construct,1
Diversify,1
Jars,1
Salting,1
Thermometer,1
Halibut,1
Reverse,1
Caramelize,1
History,1
Allspice,1
Develop,1
Salami,1
Never,1
Cloth,1
Brazilian,1
Toppings,1
Monosodium,1
10,1
Teflon,1
Asiago,1
Framboise,1
Premade,1
Yukon.json,1
Kiwifruit,1
Sun,1
Saltwater,1
Nutty,1
Strip,1
Presto,1
Salsa,1
Brunch,1
Bloom,1
Ammoglio,1
Uncrystallize,1
Fusion,1
Wheat,1
Pepperoni,1
Idaho,1
Liverwurst,1
Curdle,1
Frying,1
Bruised,1
Quaker,1
Differences,1
Decide,1
Filet,1
Tahini,1
Protect,1
Pita,1
Starch,1
Chips,1
Times.json,1
Everyday,1
Fryer,1
Classic,1
Section,1
Carbon,1
Plate,1
Marmite,1
Oyster,1
Leavened,1
Sockeye,1
Traditional,1
Dutch,1
Crusts,1
Checklist.json,1
Calibrate,1
Serving,1
Portuguese,1
Saffron,1
Setup,1
Deliver,1
Cooked,1
Balancing,1
Oriental,1
Tamales,1
Bubblicious,1
Chefs,1
ve,1
Common,1
Broccoli,1
Kitchen,1
Latin,1
Prime,1
Force,1
Peach,1
Inside,1
Knife,1
Uncurdle,1
Plant,1
Control,1
Food.json,1
Jasmine,1
Draining,1
Percent,1
Health,1
Brandy,1
Unmould,1
Tamales.json,1
Pepe,1
Elizabethan,1
Fennel,1
Travel,1
Dust,1
Jazz,1
Vizcaina,1
Signs,1
Fruity,1
Reese,1
Pound,1
Meatloaf,1
Bake.json,1
Greens.json,1
Distill,1
Wasabi,1
Salad.json,1
Secrets,1
Eclipse,1
Cookers,1
Whisk,1
Watercolors,1
Conventional,1
Fruits,1
Veal,1
Cappuccino.json,1
Gummy,1
Filling,1
Disassemble,1
Gaff,1
Buffet,1
Funyuns,1
Lava,1
Vegetarian,1
Funnels.json,1
Swizzle,1
Marechiara,1
Instructions,1
Grilling,1
Cranberry,1
Flavored,1
Carb,1
Turkey,1
Repackage,1
Switch,1
Sticks.json,1
Tint,1
Chorizo,1
Shot,1
Examples,1
Cast,1
Granola,1
Containers,1
Hull,1
Unripened,1
Catfish,1
Char,1
Contain,1
Eggnog,1
Worms,1
Anolon,1
Appreciate,1
Fermented,1
Korean,1
Crabs.json,1
Play,1
Tray,1
Lemons,1
Celebrate,1
Australian,1
Venison,1
Teamwork,1
Rent,1
Mixes,1
Diet.json,1
Cracker,1
Ravioli.json,1
Oysters,1
Sizzle,1
Alternatives.json,1
Polonaise,1
Candied,1
Hunt,1
King,1
Pimentos,1
Cause,1
Soba,1
Chateaubriand,1
Saimin,1
Escargot.json,1
Boursin,1
Corona.json,1
Canola,1
Operating,1
Repop,1
Salmon.json,1
Mixed,1
Babka,1
Lychees,1
Platter,1
Luau,1
Tortillas.json,1
Convince,1
Pickle.json,1
Stale,1
Frosties,1
Favorite,1
Toxic,1
Dangers.json,1
Purify,1
Fryer.json,1
Powdered,1
Source,1
Didn,1
can,1
Lobsters,1
Disadvantages,1
Basil,1
Frisee,1
Saber,1
Cloves.json,1
Breakfast,1
Soaking,1
Whiten,1
smoke,1
Pastry,1
Change,1
Foil,1
African,1
Extra,1
Fritters.json,1
Signature,1
Raspberry,1
Bought,1
