How to Halve,1
If You re,1
Homemade Deep Fryers,1
Substitutes for Shiitake,1
You Need to,1
Substitutes for Grana,1
How To Store,1
How Dangerous Is,1
Black Eyed Peas,1
These are All,2
Preserving Caramel Apples,1
How to Shuck,2
How to Coagulate,1
Flourless Black Bean,1
Corn Late Summer,1
Creamy Pumpkin Cheesecake,1
Vegan Ice Cream,1
Better Know a,3
Difference Between Veal,1
Negative Effects of,1
Can Sausage Be,1
What Are Uses,1
Types of Brandy,1
How to Correctly,1
Which Potatoes Are,1
How to Freshen,2
Three Ways to,1
Chimay Hot Sauces,1
What Is Himalayan,1
What Is Brown,1
Use Beautiful Watercolors,1
Rockfish Vs Tilapia,1
Easy to Make,35
How to Scale,1
Substitute for Manioc,1
Why Do German,1
Grill Chicken Breasts,1
Slow Cooker Maple,1
Homemade Graham Cracker,1
Potato Soup Recipe,1
Instructions for a,2
The Best Ways,10
How to Regrow,1
Types of Glasses,1
Kalamata Olive Substitutes,1
How to Glaze,3
What Is Multiclad,1
Lentil Substitutes,1
How to Estimate,2
How to Pour,2
How to Smoke,85
List of Australian,1
Mirro 22 Qt,1
Difference Between Japanese,1
Low Carb Fried,1
Dinner Menu Ideas,1
About Brands of,1
Types of Corona,1
Can You Use,9
How Many Times,1
Tatung Rice Cooker,1
Does Tilapia Need,1
Havarti vs Swiss,1
How to Season,43
How to Spot,1
Make Peanut Butter,1
Kitchen Tools and,1
Peanut Butter Chocolate,1
What Is Bruised,1
Storing and Canning,1
How to Candy,1
What Is Pickling,1
Twix Candy Bar,1
Sugar Free Irish,1
The Trick to,1
How to Pepper,1
Making Homemade Baked,1
Vegetables Used in,1
How to Transition,1
How Much Caffeine,2
What Is Chicken,3
What Is Koji,1
How to Paint,4
Corned Beef Cooking,1
Kinds of Food,1
How Does NAFTA,1
This Seasonal Gingerbread,1
What Is Expeller,1
How to Inject,1
Easy Gluten Free,1
Substitutes for a,1
The Best Beef,1
Air Popped Popcorn,1
Things to Go,1
Slow Cooker Seafood,1
Types of Distilled,1
How to Stud,1
Difference Between King,1
How to Decorate,33
What Is Imitation,1
What Are the,43
Cooking Tips for,1
Butter Substitute for,1
Baked Cranberry Meatballs,1
Pork Roast Cooking,1
Uses of Tamarind,1
Cold Finger Food,1
Substitute for Ham,1
How to Revive,2
Poppy Seed Safety,1
Foods High in,1
Difference Between White,2
Which Wood Chips,1
How to Drink,1
Difference Between Busch,1
French Onion Soup,1
Hispanic Fruit Seasoning,1
What Products Is,1
List of Stone,1
Baked Potato Instructions,1
Essential Drinkware for,1
How to Duck,1
List of Types,1
What Are Kiwi,1
Chafing Dish Instructions,1
No Churn Five,1
Appetizers to Serve,1
How To Soak,1
Sorry You ve,1
Convection Vs Conventional,1
What Temperature to,1
Cute Ways to,1
Things to Make,3
How Are Blow,1
Uses of Milk,1
Cheeses that Don,1
How to Troubleshoot,7
How to Break,1
Types of Funnels,1
Can I Freeze,5
Does Shortening Go,1
What Side Dish,1
The Only Soft,1
Soothing Elixir Recipe,1
The Only Beer,1
Kinds of Cheese,1
How to Bread,7
Procedure for Making,1
Why Pistachios Are,1
Snacks That Go,1
Vegetarian Taco Meat,1
What Are Coconut,1
Cheesy Potato Casserole,1
What Is Vizcaina,1
Minute Rice Directions,1
Whole Wheat Pastry,1
How Many Types,1
Infrared Grill Vs,1
Soya Powder Vs,1
Spices Used to,1
How to Detox,1
What Crackers Go,1
When Are Blue,1
How to Temper,2
Bread Crumb Substitute,1
What Chocolate Is,1
How Far in,2
When Is Goat,1
How to Determine,10
How to Garnish,4
What Is Thyme,1
How to Instructions,1
What Is Difference,1
Smoked Turkey Cooking,1
Easiest Healthy Bone,1
F R ALLE,1
Disadvantages of a,1
What Is Ricotta,1
How to Farm,2
Finger Foods for,3
Fresh Pressed Oil,1
Thawing Out a,1
List of Brazilian,1
How to Breed,1
Is Saffron Toxic,1
How to BEACH,1
Differences Between Pyrex,1
Banana Cream Frosting,1
Sirloin Roast Cooking,1
African Party Foods,1
How to Carve,19
How To Melt,1
Tater Tot Casserole,1
Alternatives to a,1
Awesome DIY Black,1
Kluski vs Egg,1
Maryland Crab What,1
Difference Between a,1
Chicken Wing Dinner,1
The Secret to,2
The Parts of,1
Definition of Halal,1
What Is Sorghum,1
Spicy Juicy Gooey,1
Three Mashed Potato,1
Cooking Methods for,1
How to Brine,16
Brie Cheese Substitutes,1
How to Bring,1
Why Does a,1
What Is Zested,1
What Are Egg,1
Chocolate Chip Challah,1
Pecan Crusted Chicken,1
Family Favorite Sweet,1
Does Food Cook,1
How to Stop,19
Crock Pot Beer,1
How to Avoid,5
Homemade Butterscotch Pots,1
Can Cooked Pork,1
Seasonings for Broccoli,1
Cooking Pinto Beans,1
Easy Recipe to,2
Turkey Fryer Cooking,1
Porcelain vs Stainless,1
Boneless Shoulder Roast,1
Easy Potluck Meal,1
Common Juice Bar,1
What Keeps Shredded,1
Substitutes for Frisee,1
English Treats for,1
Sweet Salty Nutty,1
Best Alkaline Balancing,1
Easy Finger Food,1
How Does a,9
Parts of an,1
Cheap Holiday Meal,1
How to Convince,1
Valentine Dinner Ideas,1
How To Smoke,1
Animal Shaped Fruit,1
Is Whipping Cream,1
Edible Parts of,3
Hospitality Room Snack,1
Italian Ham Types,1
Types of Wine,1
Safety Rules for,1
Which Meats Cheeses,1
How to Depressurize,1
Characteristics of Poultry,1
Advantages of Fast,1
How to Design,1
Easy Family Meals,1
Cow Tongue Facts,1
Restaurants Similar to,1
How to Maximize,2
Life is Too,1
What Is Gratin,1
What Is Good,1
Skillet Brookie Half,1
Easy Recipe on,1
What Seasonings Can,1
DIY Cupid s,1
How Much Powdered,1
Sweet Vs Sour,1
Red Snapper Alternative,1
How to Proof,1
The Secret on,1
Food Processor Mayonnaise,1
What Is Polenta,1
This Pumpkin Spice,1
Easy Appetizer Alert,1
How to Buy,39
The Effects of,4
How Does Mulled,1
How To Prepare,1
How Is Peanut,1
How to Store,149
How to Drain,2
Candy Cane Sugar,1
List of Bahamian,1
Differences Between Rib,1
How Much Food,1
Pot Roast Vs,1
Gas vs Electric,1
Brands of Vanilla,1
What Is Tahini,1
Does Chinese Mustard,1
How to Fall,1
Traditional Italian Cooking,1
What Is Alkalized,1
Use This Recipe,1
How to Braai,1
Carrot Cake Recipe,1
Indian Tomato Soup,1
Things to Put,2
What Are Pickled,1
What is Popcorn,1
Pan Seared Pork,1
How to Activate,1
Substitute for Stew,1
Witch s Brew,1
How to Lose,1
Marshmallow Fudge Will,1
How to Split,2
Stovetop Rice Cooker,1
How to Work,1
Can Commercially Bought,1
Salted Caramel Rice,1
What Kinds of,4
How to Collect,2
Can You Eat,13
Aromat Ingredients,1
How To Warm,1
How to Dress,3
Types Of Cloves,1
DIY Champagne Glass,1
Butterfinger Candy Bar,1
Canadian Bacon Facts,1
The Only Lemon,1
Chicken Noodle Soup,1
Seasoning for Escargot,1
Why Is Gouda,1
Panna Cotta vs,1
Characteristics of a,1
Bouillon Cubes vs,1
What Was the,1
Steps on How,1
Common Foods in,1
How to Stir,6
What Does Horseradish,1
Benefits of Collagen,1
Substitutes for Yeast,1
Office Coffee Rules,1
Buffalo Ranch Chicken,1
Directions for Freezing,1
How to Stew,2
How to Liquify,2
Turmeric Weight Loss,1
Add Apricots Bacon,1
Cookie Maracas Recipe,1
Slice and Bake,1
How to Flavour,1
How to Mash,1
Good Red Wines,1
Italian Cooking Techniques,1
Problems with Mini,1
Is Pesto Healthy,1
What Are Famous,1
Differences Between Red,1
How to Moisten,3
Types of Meat,1
Definition of Agricultural,1
Types of Sauerkraut,1
How to Knead,2
Brazilian Spices,1
The Cuts of,1
The Only Fettuccine,1
Sweet Recipe Idea,1
Back to Basics,2
How to Word,1
How to Barbecue,4
Characteristics of Phytoplankton,1
What Months Are,1
Methods of Crab,1
How to Force,1
Directions to Steam,1
What Vegetables Go,3
What Makes Fudge,1
Holiday Hedonism Gingerbread,1
How to Construct,1
Kind of Beans,1
Ancient Grain New,1
What Side Dishes,5
How to Ground,1
Artichoke Dip Stuffed,1
Cooking the Perfect,1
What Is Apple,1
Eat More Veggies,1
Instructions for Using,2
Types of Tortillas,1
Sauces for Quiche,1
What Makes Pico,1
Can You Refreeze,3
Healthy One Pot,1
Why Do People,1
How to Can,32
About the Banana,1
Substitute for Pickling,1
What is Pomme,1
Ways to Bake,1
How to Upgrade,4
What Are Whole,1
The Best Places,1
How to Five,1
How to Debone,5
Easy Chocolate Strawberry,1
Ingredients in Pears,1
What Is Matcha,1
How to Tap,2
The Palatability Factor,1
Temperature for Steaks,1
Swiss Chocolate Facts,1
Keeping Velveeta Cheese,1
Hawaiian Spices,1
Different Kinds of,7
How Long to,27
What Did People,1
Ways to Make,2
The Pros Cons,1
Does Caviar Go,1
About Honey Mustard,1
How to Plant,1
How to Never,1
DIY Healthy Kimchi,1
Good Seasonings to,1
Difference Between Canned,1
Substitutes for Garbanzo,1
How to Whisk,1
What Are Rennet,1
Butts with Skid,1
Black Bean Sauce,1
How to Protect,1
How to Remold,1
How to Display,3
Cuban Ropa Vieja,1
Difference Between Anchovies,1
Enchilada Tray Bake,1
Can I Bake,1
Staple Foods for,1
Electric Grill Times,1
Prom Food Ideas,1
Gluten Free French,1
How to Braid,1
Where Did Tamales,1
Difference in Cannelloni,1
Making Keeping Edible,1
What Is Tuscan,1
Russian Foods Stuffed,1
Types of Pans,1
Difference Between City,1
Types of Cheese,2
Uses for Sofrito,1
How to Refrigerate,4
Gruyere Vs Brie,1
Aged Mizithra Cheese,1
Can I Make,4
Fruits Similar to,1
Tips for Cooking,1
Oils to Use,1
How to Descale,2
How to Get,47
Facts About Tapas,1
Peruvian Breakfast Foods,1
Why Serve Lemon,1
Are Cherries Edible,1
Types of Crabs,1
Substitutes for Boursin,1
Healthy Eating How,1
Can Fresh Clams,1
Homemade Bread Preservatives,1
Easy Chocolate Truffles,1
Butter Nut Vanilla,1
Brushing Egg on,1
Make This Decorative,1
Which Fruits Vegetables,1
Cooking Prime Rib,1
Cooking Meat in,1
Difference Between Bottom,1
Food Storage Pans,1
Things to Do,2
Healthy Snacks for,1
Mexican Buffet Ideas,1
What Are Thinny,1
Cuban Food,1
Dessert Grilled Cheese,1
Orange Pomegranate Holiday,1
List of Ketose,1
How to Malt,1
The 7 Greatest,1
Sheet Pan Chicken,2
How to Devein,2
What Are Sheaves,1
How to Gut,2
Copycat Recipe for,1
How to Grocery,1
What Is Oriental,1
Healthy Quinoa Granola,1
Foods of the,1
Defrosting a Haddock,1
Tips on Using,1
What Herbs Are,1
The Cheddar s,1
How to Fire,1
Differences in Cured,1
Buffalo Cauliflower Bites,1
How to Bake,343
Alternatives to Mayo,1
Difference Between Lo,1
How to Unmould,1
Festive Food DIY,1
Winter Substitute for,1
Tips on Reheating,1
How to Open,11
What Are Lumpia,1
Instructions for Cutting,1
Essential Home Bar,1
KFC Cole Slaw,1
Easy Ways to,1
Cheeses Similar to,1
How Much Deli,1
How to Kettle,1
Signs Symptoms of,1
How to Preserve,34
What Is Dirty,1
Different Cuts of,2
Which Is Better,1
How to Improvise,1
How Long Are,1
Fruit Fresh Alternatives,1
Different Uses for,1
Do I Need,1
How to Really,1
What Should You,2
How to Honey,1
American Indian Spices,1
The Best Hams,1
Meatloaf Cooking Directions,1
How to Make,8476
How to Setup,1
How to Cure,14
Westinghouse Roaster Oven,1
Does Eggnog Go,1
How to Sour,2
Everything You Didn,1
The Components in,1
Fruits Vegetables in,1
Cooking Supplies for,1
Pork Tenderloin Roast,1
How to Soften,19
Only Homemade Onion,1
What Is Tchoupitoulas,1
How Would You,1
Red Robin s,1
How to Cajun,1
The Best Foods,2
Classic Russian Spices,1
Banquet Menu Ideas,1
How Are Olives,1
How to Remove,52
What Is Chateaubriand,1
What Is Bucatini,1
Ingredients of Eclipse,1
Cooking Kale Greens,1
Difference Between Top,1
What Is Bad,1
In Which Type,1
How to Quickly,7
What Sides Go,2
What Is Bai,1
How to Feed,3
Things to Serve,2
What Is Marechiara,1
Seasoning a Pan,1
Uses of Strawberry,1
How to Host,3
Masterbuilt Turkey Fryer,1
Ingredients in Miller,1
Substitutes for Pesto,1
Oster Rice Cooker,1
An Almond Flour,1
What Are Dark,1
Rice Cooker Steamer,1
Hazards of Baking,1
How to Sterilize,2
Easy Caprese Orzo,1
Sides That Go,1
How to Par,2
How to smoke,1
What Is Plantain,1
Fastest Food to,1
How to Pan,26
What Are Wonton,1
How to Find,17
How to Mail,2
Snack Foods for,1
Creative Ways to,1
Homemade Lemonade Cupcakes,1
Refined Sugar Free,1
List of Countries,1
How to Prevent,16
Dragon Fruit Varieties,1
Pecorino Romano Cheese,1
These Salads Pair,1
Very Best Bran,1
How to Properly,4
Cube Steak Vs,1
Does Rain Affect,1
What Is Palomino,1
Easy Meals for,1
Difference Between Crushed,1
Savory Chili Dog,1
Facts About Greek,1
Differences Between Cioppino,1
Good Side Foods,1
Ancient Egyptian Snacks,1
Difference Between Sockeye,1
Where Does the,1
Difference Between Smoked,1
Will Beer Freeze,1
Are Beavers Edible,1
Cognac Substitutes for,1
List of Finger,1
Shelf Life of,2
London Broil Top,1
How to Tie,2
How to Plate,1
Beef Liver Vs,1
Healthy Baking Substitutions,1
KitchenAid Classic Vs,1
How to Create,34
Dangers of Goat,1
Egg Roll Wrappers,1
Taco Bar Ideas,1
Difference Between Processed,1
Oster Rice Steamer,1
About Colonial Desserts,1
What Is Polonaise,1
How to Skin,2
How to Skim,1
Difference Between Sprats,1
How to Fill,5
Directions to Fry,1
How to Dilute,1
Color of Oysters,1
Turmeric Why It,1
The Difference in,2
Rainbow Waffle Recipe,1
Fresh Turkey Cooking,1
How to Patent,1
How to Cut,65
What Meat Is,1
A List of,5
Geographical Factors Affecting,1
Fish Fry Party,1
Quick Weeknight Dinners,1
Ways to Cook,4
Ideas for Snacks,1
Curd Cheese Substitutes,1
Liquor vs Liqueur,1
How Do I,32
How to Pop,4
Differences Between a,1
How to Salvage,2
How to Dispose,2
How to Deep,15
How to Change,1
Facts About Preservatives,1
Mississippi Pot Roast,1
You Need To,1
Meats That Go,1
What Is Chili,1
Medicinal Uses of,1
This Fig and,1
List of Different,1
Side Dishes That,1
How to Crystallize,1
What Country Does,1
Cornstarch vs Flour,1
How to Hide,1
Easy One Pot,1
Is Theanine Found,1
The Best Melting,1
Is Rump Roast,1
S mores Cake,1
Foods to Go,1
Bok Choy Substitute,1
How to Crumble,2
Easy Chocolate Peanut,1
How to Oven,7
What Does an,1
Easy Mozzarella Stuffed,1
Easy Soup Recipes,1
Beet Sugar Substitutes,1
Are Halogen Heat,1
Homemade Chicken Pot,1
How Long Does,19
Capon Cooking Times,1
Directions to Hard,1
What Does Kosher,1
What Spices Come,1
Cooking Directions for,2
How to Disinfect,1
Tater Tot Nachos,1
Cooking Instructions for,4
How to Refresh,1
Uses for Fresh,1
How Much Rice,1
Traditional Irish Foods,1
What Are Shallots,1
Ideas for Finger,1
Cheap Healthy Meal,1
Old Fashioned Movie,1
What Is Indian,1
How to Adjust,5
How Many Beers,2
What Do Russians,1
How to Tenderize,26
Easy Instant Pot,1
Does Altitude Affect,1
Finger Food Recipe,1
Grilling Chicken Temperatures,1
Soup Salad Dinner,1
Making Chicken Noodle,1
What Wine to,1
Does Dry Cooking,1
What Causes Cheesecakes,1
Baked Pork Chops,1
Types of Sesame,1
What Neutralizes a,1
Why Is Dover,1
How to Bottle,2
Properties of Coca,1
How Can I,11
Tefal Rice Cooker,1
Types of Salmon,1
How to Uncrystallize,1
Quickest Way to,1
Lobster Corn Dog,1
Best Foods to,1
One Pot Stroganoff,1
Italian Clay Pots,1
Cranberry Drinks Made,1
Difference Between Yogurt,1
How Long Do,14
Vegetarian Sweet Potato,1
How to Pit,3
The Perfect Potato,1
Unique Cake Toppings,1
What to Eat,3
How to Candied,1
Wonka Redskins Ingredients,1
Cream Cheese Frosted,1
Red Wines That,2
Are Porcelain Plates,1
About Fresh Ginger,1
Halloween Treat How,1
Herbs for Pumpkin,1
How to Form,1
How to Disconnect,1
How to Safely,2
Cold Pack Canning,1
The Sequence for,1
Types of Taro,1
Can I Still,1
Spaghetti Squash Freezing,1
Cute Reindeer Cake,1
Difference Between Flat,1
Why Do Vegetables,1
Difference Between Saimin,1
How to Press,1
Brisket Cooking Times,1
Differences Between French,1
What Does VSOP,1
How to Substitute,50
Are Worms Harmful,1
Foods From the,1
The Characteristics of,1
Sweet and Sour,1
Do Atomic Fireballs,1
List of Latin,1
No Bake Pecan,1
Difference Between Rock,1
How to Check,6
Cooking With Fresh,1
How to Separate,3
How to Decrease,1
Can You Thicken,2
How to Top,2
Solar Oven Information,1
Uses for Honeycrisp,1
What Are Crimini,1
How to toast,2
How to Pluck,3
Staple Foods of,1
How to Purchase,2
List of El,1
Ideas for a,4
Facts About Thai,1
How to Butcher,4
Types of Glass,1
Microwave Popcorn Instructions,1
Fish Similar to,1
Substitute for Framboise,1
A Substitute for,4
The Only Thumbprint,1
The Best Pears,1
How to Grow,2
How to Glace,1
How to Section,1
Should You Cook,1
Uses for Popcorn,1
Can I Boil,1
What Is Beef,1
The Best Containers,1
Homemade Mint Chocolate,1
Hog Head Cheese,1
Homemade Almond Butter,1
Old Cookie Press,1
Popular French Foods,1
Drink These Smoothie,1
Pop Tart Pie,1
Kitchen Hacks Every,1
Russet Vs Yukon,1
Fruits Vegetables Carbon,1
The Differences Between,9
What Are Good,5
What Is All,1
Difference Between Percent,1
Types of French,1
The Cooked Weight,1
How to Quick,6
Homemade Milk Chocolate,1
How to Source,1
Easy Sourdough Starter,1
Difference Between Buttermilk,1
Types of Edible,3
What Spices Should,1
How to Reverse,1
Types of Pistachios,1
How to Precook,3
Cuban Sandwich How,1
Does Kale Wilt,1
Chunk Albacore vs,1
White Vs Yellow,1
Difference Between Wine,1
Do You Cut,1
Foods for a,1
How to Neutralize,2
Substitutes for Gouda,1
The Viking Diet,1
Electric Vs Stovetop,1
Substitutes for Dutch,1
What Are Pimentos,1
Dinner Ideas With,1
Difference Between Jim,1
Coffee Hack How,1
List of Wild,1
The Best Cuts,3
How to Present,1
Substitutes for Instant,1
Where Did Halva,1
How to Start,4
Homemade Ham and,1
How to Put,1
Homemade Mango Ice,1
Welcome to Tailgating,1
Things That Go,1
Can You Soak,1
How to Baste,5
The Only Tools,1
Difference Between Souse,1
Difference Between Onion,1
Bearnaise Sauce Uses,1
The Perfect Side,1
Neolithic Diets,1
Meal Ideas for,1
Seven Layer Salad,1
Wrappings for Homemade,1
How to Fold,8
Growing Hops Commercially,1
Dangers of Spoiled,1
What Are Sugar,1
Draft Beer Vs,1
How Many Lemons,1
Rocket Chef Instructions,1
Rival Roaster Oven,1
How to Fondant,1
How Long Is,2
Difference Between Wild,1
What Are Dulse,1
Easy Luncheon Ideas,1
Which Cheeses Go,1
Foods to Eat,3
How to Switch,1
Types of Beef,1
Types of Clear,1
Krups Proaroma Coffee,1
How to Hunt,1
Munster vs Gouda,1
About Stone Crabs,1
Types of Cut,1
About Chestnuts,1
Creative Ideas for,1
Do You Put,1
Yellow Vs White,1
Ghee Substitutes,1
Canning Preserving With,1
How to Decipher,1
Cooking Time for,4
How to Blanch,22
Side Dish Ideas,1
One Pot Gumbo,1
How to Layer,3
Roasted Beet Salad,1
Foods Containing Turmeric,1
How to Whip,2
How to Plump,2
How to Light,1
Anodized Vs Teflon,1
How to Harvest,2
Tips on Making,1
Prime Rib Seasoning,1
List of Spanish,1
Homemade Muscadine Wine,1
Types of Jewish,1
Types of Mild,1
How Are Gummy,1
Best Finger Foods,1
Substitute for Light,1
These Dishes Will,1
How to Squeeze,1
How to Hull,1
Reheating Eye of,1
The Advantages of,1
Red Currant Jam,1
How To Freeze,1
Weatherworks Roaster Oven,1
Listen You re,1
Cast Iron Skillet,1
Where Does Glutamine,1
How to Kill,3
Ingredients in Becherovka,1
How Do Oysters,1
German Chocolate Bar,1
What Is Sole,1
How to a,1
Why Does Table,1
Copycat Starbucks Lemon,1
Camping Food Ideas,1
How to Dice,2
Difference Between Gumbo,2
Creative Uses for,1
Substitutes for Dark,1
Cheeses That Are,1
The Best Method,2
The Best Cocoa,1
Tips on the,1
What Items Should,1
What Are Capri,1
Directions for Scoring,1
Drinking Straw Etiquette,1
Jasmine Rice Cooking,1
Set Up a,1
How to Bloom,1
Regal Cordon Bleu,1
Substitutes for Chicken,1
Homemade Chocolate Fudge,1
Food During the,1
How to Keep,102
Frying Calamari Without,1
How Hot Is,1
Peach Sangria Recipe,1
Food Ideas for,3
Homemade Zucchini and,1
How Much Omega,1
List of Leavened,1
How Do You,7
Why Does Some,1
What Is Ammoglio,1
Instructions for Mason,1
Bitter Lemon Drinks,1
Nutrition in Sugar,1
How to Twist,1
Does Homemade Beer,1
How to Straighten,1
How to Gaff,1
How to Roast,106
How to cook,4
Healthy Foods to,1
How to Stock,3
Can You Just,1
Good Substitutes for,2
What Is the,70
What Is Red,1
Skirt Steak vs,1
How to Plan,4
Teriyaki Sauces Vs,1
What Is Condensed,1
How Much Flour,1
Listing of Fruits,1
How to Clean,95
Red White and,1
Substitutes for Korean,1
How to Sprout,5
Tower Pressure Cooker,1
List of Deep,1
How to Combine,2
How to Rent,1
Traditional Food for,1
Licorice Tasting Spices,1
Top Probiotic Foods,1
How to Play,1
Menu Ideas for,1
Homemade Ricotta Cheese,1
What Are Lamb,1
What Is Allspice,1
What Is Rump,1
Step by Step,3
Copycat Red Lobster,1
Is There a,2
Leg of Lamb,1
Delicious Homemade Pop,1
Is Butternut Squash,1
Differences Between Quaker,1
Delicious Marbled Chocolate,1
Types of Flour,1
Difference Between Almond,1
The Best Fruity,1
Heating Foods in,1
Detox Smoothie with,1
Making Black Raspberry,1
What Makes an,1
How to Deliver,1
Does Beer Batter,1
Twice Baked Potatoes,1
Food That Goes,1
Fried Apple Hand,1
Uses for Plum,1
What Appetizers Would,1
Danger of Popcorn,1
Seafood Lovers Fave,1
Good Things to,1
What Are Frosties,1
Difference Between Chicken,2
Convection Oven Cooking,2
Distilled Water vs,1
Can You Re,1
Types of Smoothies,1
Gluten Free Low,1
The Disadvantages of,1
How to Veganize,1
Shrunken Head Apple,1
Pros Cons of,2
Open House Finger,1
How to Reheat,43
How Many Calories,2
What Is Bruschetta,1
These Chocolate Laden,1
Recipe for Juicy,1
Can One Freeze,1
Seasonal Indian Foods,1
Can Frozen Lasagna,1
How to Build,14
How to Care,4
Easy Classic Chocolate,1
Ideas for an,1
Uses for Stale,1
How to Choose,50
What Type of,7
Chili Sauce Substitutes,1
Foolproof Recipe for,1
Easy to Use,1
When Does Salami,1
Health Benefits of,1
How to Mold,2
How to Write,3
What Pairs Best,1
How Long To,1
Taco Bar Party,1
Breville Rice Cooker,1
Smoked Pheasant Appetizer,1
How to Degas,1
Tapas Party Platter,1
Pistachio Crusted Salmon,1
Raw Honey Dangers,1
Kosher Pickle vs,1
Curry Dipping Sauces,1
Add This Homemade,1
Native American Cooking,1
How to Reuse,2
Sweet and Easy,1
How to Insulate,1
How to Ferment,7
How to Mince,3
What Shellfish Are,1
How to Handle,4
What to Do,9
Sawa Cookie Press,1
How Long Past,1
How to Jazz,1
Ways to Use,1
Thawing Lobster Tails,1
List of Hot,1
Super Bowl Snack,1
Snack Ideas for,1
How to Convert,16
What Foods Go,2
What Do the,1
Baking Time Difference,1
What Is an,1
Typical Food of,1
How To Thaw,1
Substitutes for White,3
What Liquor Mixes,1
Romantic Picnic Food,1
Can Spaghetti Jars,1
Side Items to,1
How to Barbeque,1
Differences Between Crab,1
Spices That Go,1
How Much Water,1
Directions for Making,1
Can You Fix,1
Grey Poupon Mustard,1
Meatloaf Made With,1
How to Dust,1
How to Improve,8
Cooking Dumplings Covered,1
Types of Aged,1
What Foods Is,1
Make Ahead Cheesy,1
Difference Between American,1
Whey Low Side,1
Dragon Fruit Smoothie,1
Types of Salads,1
Does Sweet Pickle,1
How to Poach,12
Where did Taco,1
What Is Deggi,1
A Brief History,1
Substitutes for Lemon,1
How to Differentiate,1
Substitutes for Tasso,1
Types of Ginger,1
Why Are Metal,1
Roshco Silicone Bakeware,1
Can You Bake,2
History of African,1
These are the,1
Uses for Pulp,1
Tips on Keeping,1
List of Halal,1
Cons Pros of,1
This Birthday Cake,1
What Foods Do,1
Matcha Mermaid Donuts,1
Why Is It,1
How to Toast,11
Is Tilapia the,1
Can You Make,9
Methods of Food,1
Can You Substitute,6
What Is Langostino,1
How to Toss,2
Will Gummy Worms,1
The Ratio of,2
Recipe for How,1
Roquefort Vs Blue,1
How to fry,1
A Typical Chinese,1
Difference Between Blended,1
How is Pepperoni,1
Problems Melting Chocolate,1
Kick Ass Cocktail,1
Substitute for Egg,1
Charbroil H2O Smoker,1
Why Does Milk,1
How To Cook,4
Omaha Steak Cooking,1
How to Raise,4
Why Add Cocoa,1
Are Wonton Wrappers,1
How to Arrange,2
How Does Canned,1
How to Ship,8
Top 5 Sweet,1
Ingredients in Vegetable,1
Delicious Pound Cake,1
How Cognac Is,1
What Is Fennel,1
Baking Instructions for,1
What Is in,3
Uses for a,1
What Cuts of,2
Difference Between Lemon,1
What Does it,1
Cheese Freezing Methods,1
How Does an,2
Removing the Neck,1
Make Ahead Appetizers,1
How to Desalt,2
Dill Seed Substitutes,1
 Pumpkin Spice,1
Oils to Put,1
Add Peppermint Marshmallows,1
How to Boil,70
Naturally Blue Colored,1
Ideas for Appetizer,2
Baked Potato Bag,1
Delicious Homemade Chicken,1
How to Butter,1
Why are Lobsters,1
Rotel Chicken Casserole,1
How to Practice,1
Types of Fruit,1
How to Charbroil,3
Hitachi Rice Cooker,1
How Much Chinese,1
How to Slow,19
Directions for a,3
Tips on Draining,1
Elements in Carbonated,1
What is a,6
Detox Crockpot Soup,1
Substitutes for Ground,1
What Can You,6
Famous Maryland Foods,1
Samurai Shark Knife,1
Types of Curd,1
How to Explain,2
Why Is My,2
Nashville Hot Chicken,1
How to Blacken,4
How to Read,3
What Is Mortadella,1
Things to Roast,1
How to Appreciate,1
How Can You,3
What Flavors Are,1
Cherry Spices,1
After Pork Chops,1
Cake Pops Recipe,1
What Crackers to,2
Cookie Dough Ice,1
What Can Be,3
How Do Potato,1
What Is Carob,1
About Traditional Hispanic,1
How to Dissolve,3
How to Calibrate,1
How to Stretch,1
Sandwich Bar Ideas,1
Definition of Signature,1
Six Factors That,1
How to Refinish,1
Hopi Indian Foods,1
Homemade Kale and,1
Italian Cuisine Characteristics,1
The Purpose of,1
How Are Life,1
Specifications for Sugar,1
The Cheese Differences,1
Candy Floss Maker,1
Thanksgiving Must Turn,1
How to Throw,4
How to Defrost,23
Broccoli and Beef,1
Best Beer Brownies,1
The best way,1
Healthy Delicious Oven,1
The Only Recipe,3
How to Dip,1
Cooking Temperatures for,1
Facts About Meatballs,1
Spice Substitutes for,1
Rib Eye Roast,1
Types of Asian,1
Do You Need,3
What Peppers Have,1
Homemade Strawberry Jam,1
How to Tone,1
Donut Hole Christmas,1
When Does Cheese,1
List of Muslim,1
Types of Lasagna,1
Risks of Eating,1
Roasted Frozen Squash,1
Does Corned Beef,1
Almond Paste Substitutes,1
How to Absorb,1
This Tandoori Chicken,1
How to Order,13
Homemade Energy Bar,1
The Best Way,35
How to Sneak,1
Baked Chicken Marinated,1
Pot Roast Cooking,1
What Makes a,2
What Does a,2
Linguica vs Andouille,1
Spices Used for,1
Black Cod Substitutes,1
The Best Apples,2
Ingredients to Keep,1
Deli Lunch Meat,1
How to Finely,4
Alternatives to Raclette,1
How to Spatchcock,2
Traditional Food Processing,1
How to Lattice,1
Wild Rice Soup,1
These ARE the,1
List of Greek,2
Snack Foods From,1
List of Fancy,1
Cajun Style Boiled,1
Chicken Broccoli Casserole,1
Learn How to,1
The Only Steakhouse,1
Cut Down on,1
Hitachi Bread Machine,1
Dark Red Kidney,1
Hot Chocolate in,1
How to Steam,38
Minty Chicken Sliders,1
How to Remedy,2
Individual Tiramisu Recipe,1
The Differences in,2
List of Non,1
Serrano vs Jalapeno,1
How to Finish,4
Beer Keg Sizes,1
Companies That Sell,1
How to Vacuum,2
Grocery Shopping Secrets,1
How Much Premade,1
What Is Kusa,1
Facts on Bubblicious,1
How to Re,3
Recipe for Fake,1
What Are Examples,1
How to Cream,3
What Beer Pairs,1
The Volume of,1
How to Spend,1
Homemade Baking Strips,1
Beef Rib Roast,1
What Causes Toast,1
What Is Marmite,1
What Is Spry,1
Help Groceries Stay,1
The Value Uses,1
How to Trade,1
Frogs in Formaldehyde,1
Can Butter Be,1
Substitutes for Pimento,1
Why Does My,1
Baked Potatoes With,2
What Vegetables Are,2
How to Hard,4
How to Live,1
How to Caramelize,1
Baked Roasted Chicken,1
Can I Cook,6
How to Purge,2
Ingredients of Gelatin,1
What Are Beef,3
How Much Grease,1
The Only Mississippi,1
What Keeps Things,1
Roasting Beef Cooking,1
Meals With Catfish,1
Desserts That Go,1
Breakfast Ideas for,1
What Can I,7
Differences Between Halibut,1
Health Risks of,1
These Cucumber Pineapple,1
A Good Side,1
Traditional Non Alcoholic,1
Making Spaghetti With,1
Quality of Tilapia,1
Cowboy Themed Snacks,1
Best Way to,3
Chocolate Covered Strawberry,1
How to Lace,1
Differences Between Bacon,1
Substitutes for Hoisin,1
Can Tub Butter,1
Class Up Your,1
Add Extra Love,1
Traditional Vegetable Accompaniments,1
Should I Peel,1
How to Hydrate,1
Appetizers That Won,1
How to Verify,1
Experiments With Meat,1
Taco Salad Recipe,1
Peach and Thyme,1
Essential Knives Every,1
Difference Between Fermented,1
Pork Shoulder Roast,1
How to Dry,49
What Rpm Motor,1
Make Homemade Donuts,1
Aperol Spritz Cocktail,1
How to Puree,3
Black Angus Vs,1
Dry Red Wine,1
Sandwiches That Go,1
History of Saltine,1
Difference Between Apple,1
Cocoa Powder Substitutes,1
Does Salt Cod,1
Theatre II Popcorn,1
Difference Between Antipasto,1
Substitutions for Fenugreek,1
DIY Gift Taco,1
What Is Konjac,1
Dinner Suggestions to,1
Difference Between Red,2
How to Salt,5
Life Cycle of,1
How to Fillet,9
What Are Udon,1
Sweet Potato Soup,1
Cheeses to Go,2
Things You Can,1
What Are Turkey,1
What Is Goose,1
How to Use,274
Omaha Steaks Stuffed,1
Is the Rib,1
Non Alcoholic Substitute,1
What Are Lobster,1
Types of Kidney,1
The Best Recipe,1
Other Names for,1
Ways to Eat,1
Perfect Side Dishes,1
How to Flip,1
Fuji Apples Health,1
Difference Between Linguine,1
How to Hand,1
Oster Instant Steam,1
What is the,10
Can You Heat,1
Heavy Whipping Cream,1
Can Aluminum Foil,1
How to Crispen,1
Drinks to Make,1
How to Roll,5
How to Turn,8
Brie Warming Directions,1
Substitutes for Scotch,1
What Sides to,1
Easiest Croissant French,1
Stainless Steel Tri,1
How to Brown,10
Good Places to,1
Mirro Matic Pressure,1
National Rice Cooker,1
Should Horseradish Be,1
Rib Eye Vs,1
Low Starch Potato,1
Instructions for the,5
How to Correct,1
How to Measure,19
Food to Eat,1
Seasoning to Substitute,1
What Parts on,1
How to Pick,7
Instructions for Cooking,3
What Vegetables to,2
List of Foods,2
Problems With Water,1
DIY Red Hot,1
Uses of Kiwi,1
What Are Some,4
What Parts of,2
One Bowl Peppermint,1
Ways to Prepare,1
Alfredo Spices,1
How to Sharpen,2
When Are Beets,1
Quick Way to,1
African Food Facts,1
Uses for Extra,1
How Much Pomegranate,1
Circulon Vs Teflon,1
What Is Cavatelli,1
Layered Jell O,1
Garnishes for Salads,1
Types of Mexican,1
How Much Beer,1
How to Wrap,4
Processed Cheese Vs,1
Dangers With Infused,1
For How Long,1
How to Repackage,1
Substitute for Anchovies,1
When an Egg,1
Substitutes for Gumbo,1
Creamy Mashed Potatoes,1
Does Olive Oil,1
Maine Vs Canadian,1
Make P F,1
Easy Recipe for,2
Easiest Way to,2
How to Shave,2
How to Caramelise,1
How to Charcoal,2
Advantages and Disadvantages,1
What Is Chorizo,1
How to Thicken,42
Ideas for Hot,1
Worms Found in,1
How to Dealcoholize,1
Cheeseburger Dip Recipe,1
Uses of Cocoa,1
The Healthiest Blueberry,1
How to Line,4
Stone Vs Metal,1
Recipe for Strawberry,1
Australian Rock Lobster,1
How to Size,1
How to Render,1
What Beans Are,1
Good Dips for,1
Addictive Homemade Coffee,1
Types of Crab,1
California Catering State,1
How to Harden,1
Wolfgang Puck Rice,1
Russet Potato Vs,1
Layer Hot Chocolate,1
What Goes With,3
Baby Spinach Vs,1
Catering Tools Equipment,1
How to Decrystallize,1
What if Ganache,1
What Goes Well,3
Delicious Meatloaf Sauce,1
Ways to Add,1
Pomegranate Champagne Jelly,1
How to Crack,6
Condiments to Put,1
How to Kosher,1
How to Crisp,2
How to Organize,3
Differences Between Ranch,1
Common Spices for,1
Where Does Arroz,1
How to tell,1
List of Common,1
How to Stabilize,1
Uses for Unripened,1
What Does Baking,1
How to Macerate,1
Can I Eat,1
How Often Should,2
Light Finger Food,1
How To Making,1
How to Degrease,1
Can You Cook,9
List of Traditional,1
Traditional Foods for,1
Types of Prosciutto,1
How to Purify,1
How to Snap,1
How to Sell,2
The Best Crackers,2
How to Refreeze,1
How to Disassemble,1
Fountain of Youth,1
Can You Moisten,1
What Is Filet,1
Indian Staple Foods,1
Kosher Non Kosher,1
European Style Sipping,1
The Use of,1
List of Heart,1
How to Blanche,1
This Pineapple Salsa,1
How to Ice,4
Delicious Crustless Quiche,1
Bronze Cooking Pots,1
How to Grate,4
How Popcorn Storage,1
What Is Kosher,3
How to Juice,8
Meal Ideas Using,1
Instructions for an,1
Hand Kneading vs,1
What Happens If,1
How to Refill,2
Lemon Juice Substitutes,1
Famous Black Chefs,1
How to Braise,4
How to Mix,6
Chicken Stir Fry,1
What Foods Are,2
Beans Vs Lentils,1
Tricks for Crisping,1
Sea Scallops Vs,1
Brands of Cranberry,1
How to Core,3
List of Soft,1
How to Whiten,1
Facts About Plantains,1
What Happens When,3
What Is Anolon,1
Cuts of Meat,3
How to Dye,3
Things to Cook,1
Differences in Acorn,1
Nutrition Information for,1
Regal Kitchen Pro,1
How long can,1
Snot Fondue with,1
Pulled Pork Nachos,1
Facts About Italian,1
The Best Smoked,1
List of Poultry,1
Making Chocolate From,1
Can You Get,1
Herbs Spices in,1
About Cheese Sticks,1
Infrared Turkey Cooking,1
How to Drop,1
Genoa Salami Vs,1
What Is Dover,1
How to Scramble,1
Baking Homemade Venison,1
Breakfast Menu Ideas,1
Baked Panko Pork,1
Brewing Temperatures of,1
List of Hard,1
Substitutes for Asafetida,1
How to Cold,5
Build a Gourmet,1
Kinds of Starch,1
Chocolate Hazelnut Babka,1
What Causes Beans,1
How to Be,4
Make This Favorite,1
A Description of,1
Palm Oil Substitutes,1
Welcome Fall With,1
Traditional Foods of,1
Crispy Oven Baked,1
Does Fruit Hold,1
How to BBQ,10
Cooking Pasta for,1
Difference Between All,1
Pesto Rice Chicken,1
How to Distill,1
How to Enjoy,5
The Danger of,1
How to Cool,5
History of Brown,1
How to Cook,1409
Everything Bagel Breakfast,1
What Is Hog,1
Easy Homemade Sun,1
How to Zest,1
Homemade Strawberry Ice,1
Simple Syrup Sugar,1
Vanilla Paste Substitutes,1
Sweet Idea on,1
List of Wines,1
Homemade Carrot Cake,1
Does Sambuca Freeze,1
Rotel Substitutes,1
List of Starch,1
How to Flavor,6
Thin Mint Cookies,1
Difference Between Hard,1
How to Egg,1
Can I Prepare,2
Care of Wooden,1
Tailgating First and,1
Traditional Rastafarian Food,1
What Is Certo,1
The Easy Way,1
How to Select,4
Cooking the Bone,1
What Is Magnalite,1
How to Easily,5
How to De,3
Where to Find,1
Coconut Snowball Cookies,1
What Spices Herbs,1
How to Microwave,16
Turn Thanksgiving Leftovers,1
Presto Poplite Instructions,1
What Are Chili,1
How to Saber,1
Timetable for Cooking,1
How to Figure,2
Porcelain Vs Cast,1
You Can Pickle,1
Can You Decorate,1
All You Can,2
Is There Glucose,1
Turn Pie Crust,1
What Types of,5
How to Print,2
How to Prepare,210
How to Detect,2
Homemade Green Bean,1
How to Know,28
Types of Fondue,1
What Are Shucked,1
Kid s Pirate,1
Buckwheat vs Wheat,1
How to Thin,4
How to Marinade,3
Can Baked Macaroni,1
What Are Passed,1
Difference Between French,1
Does Stainless Steel,1
Biscuits Made With,1
How to Pound,1
The Alternatives to,1
How to Do,6
Easy Fruit Tray,1
Potluck Luncheon Ideas,1
Kinds of Vegetables,1
How to Broast,2
The Only Baked,1
Sizzling Rice Soup,1
How to Install,1
Substitutes for Dried,1
Traeger Cold Smoking,1
What is Greaseproof,1
Are Sweet Potatoes,1
How to Process,2
Bananas and Nuts,1
Adobo Sauce Vs,1
Substitutes for Chinese,1
The Best Cake,1
Do You Cover,1
How to Restore,4
Substitutes for Beef,1
Cajun Spice Substitutes,1
Bloody Mary Oyster,1
Easy Hoisin Glazed,1
Vegan Cream Cheese,1
Easy Homemade Pizza,1
Popular Snack Food,1
Flavors of Spice,1
The Best Times,1
Substitutes for Beer,1
Different Types of,4
How to Freeze,196
How to Perfectly,3
Difference Between Kalamata,1
Summer on the,1
These Side Dishes,1
How to Go,2
Cinnamon Toast Crunch,1
Kinds of Tamales,1
The Kinds of,1
How to Pasteurize,2
What Products Does,1
Baking Mix Vs,1
Prime Rib Steak,1
Herbs and Spices,1
Substitutes for Spanish,1
Description of Spanish,1
List of Ethnic,1
How to Filter,1
Hibachi Flavoring,1
What Size Ham,2
Tiger Prawns vs,1
Brunch Theme Ideas,1
How to Seed,1
Electric Roaster Recipes,1
Little Chief Smoker,1
Ways to Carry,1
List of the,1
Difference Between Torte,1
Corn Starch Vs,1
How to Diversify,1
Remoulade vs Tartar,1
How to Eat,133
Vegetables to Serve,1
How Long Will,5
Spiced Apple Oatmeal,1
Homemade Irish Cream,1
What Is Lemon,1
Non Dairy Substitutes,1
Sweet Corn Muffin,1
Spell Out Your,1
Low Carb Pizza,1
The History of,25
Homemade Shrink Wrap,1
Colombian Spices List,1
Tips on Frying,1
Can You Freeze,20
Instructions for Operating,1
Colonial American Cooking,1
Boiling the Ribs,1
What Country Consumes,1
Bamboo Vs Wood,1
Easy School Lunchbox,1
Dehydrator Instructions,1
Lipton Soup Secret,1
Fajita Bar Ideas,1
How to Air,3
Baked Brie Topped,1
A Brita Water,1
Things You Put,1
Substitutes for Muffin,1
What Is a,42
Safety of Unrefrigerated,1
Preparing Pumpkin Seeds,1
Common Philippine Spices,1
How to Parboil,8
Is Cayenne Pepper,1
Carbon Steel Vs,1
The Best Vegetable,1
What Causes Hiccups,1
Can You Refry,1
Brisket vs Tri,1
How to Develop,1
Why Is it,1
How to Sweeten,7
Type of Salt,1
Tools to Eat,1
Does Coconut Flour,1
How to Produce,2
Banana Pop Art,1
Common Food Emulsifiers,1
Where to Put,1
Bounce Back From,1
How to Replace,9
Tips on Saving,1
Tips on Catching,1
Guidelines For Refreezing,1
How to Pull,1
Irish Foods for,1
Breakfast Treats You,1
Different Styles of,1
How to Apply,3
FDA Food Storage,1
Instructions for Grilling,1
Staple Foods in,2
How to Age,5
Most Common Finger,1
Preservatives in Campbell,1
Types of Salad,1
How to Defuzz,1
Homemade Turkey Fryer,1
Snack Ideas That,1
The Best Fast,1
How to Convection,2
Differences Between Mandarin,1
Sandwich Side Dish,1
Philly Chicken Stuffed,1
How to Heat,23
What Is Liverwurst,1
Garnishes for Pork,1
Does Seven Minute,1
Do Cookies Baked,1
How Hot Are,1
The Only Homemade,1
Properties of Soft,1
The Process Involved,1
What Does It,5
Famous Foods Only,1
What Are Basil,1
The Best Canned,1
How to Seal,1
What Is Lightly,1
Can I Use,7
How to Repair,1
What Is Saffron,1
How to pack,1
Fish Cooking Temperature,1
How to Sear,9
How to Simmer,1
Why Is Eating,1
Degrees of a,1
How to Smooth,1
Directions for Using,3
Can You Peel,1
Foods That Wake,1
Super Easy Chocolate,1
How to Plug,1
Halogen Oven Cooking,1
How to Recycle,1
Instructions for Wilton,1
Chile Relleno Casserole,1
How to Cover,5
Vodka Infused Fruit,1
Electric Turkey Roaster,1
How to Ripen,14
How to Boost,2
Dehydrator Jerky Instructions,1
Difference Between Air,1
Halal Foods List,1
The Ultimate Tailgating,1
Souffl Dish Substitutes,1
Healthy Eating Baked,1
Pezzetti Coffee Maker,1
How Much Should,2
How to Thaw,14
Northern Beans Vs,1
Types Of Almonds,1
What Is Mixed,1
How Is Black,1
Hartstone Mold Instructions,1
What Are Signs,1
Arrowroot Vs Tapioca,1
Suggestions for What,1
List of Beers,1
Hotel Style Rib,1
How to Add,33
How to Follow,2
What Is Longhorn,1
Why Do You,2
Do Almonds Ever,1
The Cooking Time,1
Fun Facts About,1
Serve a Sandwich,1
How to Pressure,6
Tips for Mounting,1
Spirits and Alcohol,1
Texas Brisket Rub,1
What are the,2
What Are Porras,1
Types of Codfish,1
How to Enhance,2
Symptoms of Food,1
Spaghetti Sauce With,1
Herbs Spices to,1
How to Repop,1
What Is Gourmet,1
Homemade Chickpea Brownies,1
Beverage Fountain Drink,1
List of Cuban,1
Recipes Using Campbell,1
How to Coat,3
Instructions for Rice,1
Fruits to Serve,1
Difference Between Black,1
What Fruits Are,1
Molten Chocolate Lava,1
List of All,1
How to Serve,30
What Is Accent,1
Making New Colors,1
How to Puff,2
How to Chop,8
Side Effects of,1
What Are Rusk,1
List of French,3
Cheddar Bacon Tater,1
How to Brew,7
What Are Honey,1
Can I Smoke,1
Characteristics of Fresh,1
What Cheeses Go,1
Where Does Gnocchi,1
Menu Tests to,1
How to Melt,33
What Cut of,2
Substitute for English,1
Do I Peel,1
How to Become,6
Pineapple Plank Chicken,1
Seafood Gumbo Ingredients,1
Cake Recipes That,1
Composition of Monosodium,1
Does Homemade Peanut,1
Secrets to Tender,1
White Mountain Apple,1
How to Jar,2
Instant Pot Mashed,1
Thanksgiving Leftovers Bundles,1
The Avanti Fondue,1
Cooking Games,1
Slow Cooker Pot,1
Mom s Classic,1
Substitutes for Tapioca,1
The Ingredients of,1
Tri Tip Cooking,1
How to Sugar,1
Difference Between Mustard,1
Things to Eat,3
Types of Cantaloupe,1
Type of Mushrooms,1
Is Spinach With,1
What Is Bovril,1
Pomegranate Gin and,1
Healthy Breakfast Smoothies,1
What Happens if,3
Uses of Sorghum,1
Differences Between Jasmine,1
German Finger Foods,1
Spaghetti Squash Cooking,2
List of Italian,2
Unicorn Food Rainbow,1
Can Bananas Cause,1
Appetizer Ideas for,1
How to Bend,1
Eating Clean Top,1
How To Microwave,1
Why Did My,1
Types of Cheeses,1
How to Home,1
Difference Between Gulf,1
How to Rehydrate,2
The Difference Between,22
Properties of Aluminum,1
Candied Sweet Potatoes,1
Fried Snapping Turtle,1
How to Slice,7
Names of Saltwater,1
How to Extract,7
What Not to,2
Uses for the,1
Why Do Crackers,1
Fast Way to,1
Types of Plantain,1
How to Feather,1
How to Test,5
Cookout Food Checklist,1
Can I Substitute,3
Can I Bread,1
Appetizers in Elizabethan,1
No Cook Meals,1
Make Ahead Lasagna,1
Directions for Cold,1
Dark Vs White,1
Why Bread Dough,1
Cheese Potato Pie,1
Difference Between Hot,1
Sauteing or Boiling,1
How to Understand,4
Interesting Facts on,1
How to Marinate,30
These Seasonings are,1
Substitute for a,2
Can You Still,2
What Does Broccoli,1
Can I Soak,1
Cream Cheese Pinwheel,1
DIY Festive Swizzle,1
How to Grease,1
What Causes an,1
How to Reduce,13
Tamarind Nectar Substitutes,1
What Is That,1
Common Fish Seafood,1
How to Hold,2
Substitute for Sugar,1
Alternatives to Pita,1
How to Calculate,7
Can Amaretto Replace,1
Brie Vs Gouda,1
How to grill,1
Cheeses That Contain,1
Methods of Salting,1
Facts on Cappuccino,1
George Foreman Fusion,1
Types of Pinto,1
How to Julienne,1
How to Stuff,2
Instructions for How,1
Significance Behind Mexican,1
Homemade Raspberry Linzer,1
What Spices Are,4
Turkey Cooking Times,1
Easy Crock Pot,1
Types of Sweet,1
Which Side Dishes,1
Homemade Pizza Dough,1
Crock Pot Recipes,1
Biscuits and Gravy,1
How to Uncurdle,1
How to Infuse,7
Galangal Powder Substitute,1
What Are Pork,1
The Best Spices,2
Substitution for Molasses,1
Why are Pistachios,1
List of White,1
Difference Between Choice,1
Buffet Dinner Party,1
Creamy Greek Yogurt,1
Maple Praline Snack,1
Healthy Seed Nut,1
List of Cajun,1
How Long Should,10
How to Take,11
Which Desserts Go,1
The Ingredients in,1
Types of Fritters,1
How to Leach,1
How to Clarify,3
Lobster Dinner Ideas,1
How to Revitalize,1
Fruits Vegetables You,1
Spices to Use,2
What Spices Go,2
You ll Love,1
Types of Pasta,1
You ll Fall,1
Facts About Gouda,1
How to Trim,1
Rethink Your Everyday,1
Meals for a,1
Types of Glazes,1
When Are Lychees,1
How Hot Should,3
Baked Chicken Ideas,1
Components of a,1
How to Hardboil,1
Can You Defrost,1
Bratwurst Spices,1
Rainbow Grilled Cheese,1
How Big Is,1
Substitutes for Five,1
Yummy Cocktail Virgin,1
How Thick Should,1
Things to Mix,1
Lose Weight on,1
McDonald s McMuffins,1
How to Center,1
Crock Pot Cooking,1
How Are Funyuns,1
Medieval Recipes for,1
Sanyo Rice Cookers,1
Green Curry Inspired,1
Difference in Pork,1
Smoothie Recipe for,1
How Are Pistachios,1
Edible Eyeball Pizza,1
Cooking Equations How,1
What Foods to,2
Why Are Chloroplasts,1
Differences Between Haddock,1
How to Transport,5
What Would Be,1
What Are Lentil,1
List of Inexpensive,1
What Do You,7
List of Pome,1
Colombian Spices,1
How to Lessen,2
Difference Between Steel,1
How Are Cereal,1
Signs of Spoilage,1
All Clad Vs,1
Is Raw Plantain,1
White Rice vs,1
What Is Food,1
How to Cube,4
Types of Cloth,1
Signs That Mayonnaise,1
Mulled Cider Recipe,1
How to Pare,2
What Is Irish,2
Velveeta Shells Cheese,1
Sparkling Strawberry Rose,1
Where Can I,1
Fresh Parsley Substitutes,1
Difference Between Sunflower,1
When to Put,1
How to Rinse,2
Water Soluble Spices,1
Homemade Mac Cheese,1
How to Rescue,3
Mini Boston Creme,1
What Is Inside,1
How to Easy,1
Tips to Marinate,1
Dinner Ideas for,2
The Best Bedtime,1
How to Celebrate,1
Coconut Cream Pie,1
What Are Ramen,1
What Are Chicken,3
What If an,1
Can I Refreeze,1
The Best Chili,1
Recommended Thickness of,1
How to Saute,6
Olive vs Corn,1
What Are Day,1
How to Pickle,32
Can Coffee Pods,1
Turkey Breast Cooking,2
Fried Wonton Filling,1
Caesar Salad Ingredients,1
Italian Meringue Buttercream,1
Types of Calamari,1
Chocolate Sheet Cake,1
How to Assemble,4
How to Not,1
Pressure Cooking Pineapple,1
Can White Gravy,1
How to Tell,66
Utensils Used in,1
What Spices Do,1
Uses of Brown,1
Tutorial on How,2
Types of Serving,1
How to Dehydrate,19
Choice Vs Prime,1
Italian Lunch Meat,1
Typical Italian Drinks,1
Luncheon Theme Ideas,1
Substitutes for Paraffin,1
The Top 10,1
Spanish Snacks for,1
What Does the,2
What Juices Tenderize,1
The Types of,2
Uses for Asiago,1
Types of Food,1
Red Thai Curry,1
Classic Turkey Meatloaf,1
Tips for Melting,1
Foods That Sell,1
These Dishes Are,1
Drinks That Help,1
How to Beat,2
How to Curdle,1
Homemade Vanilla Extract,1
Salads to Go,1
Salads to Serve,3
What Causes Homemade,1
Blooming Flower Apple,1
History of Pumpkin,1
What Are Lox,1
Side Dishes to,1
Names of Pasta,1
Can I Put,1
Why Do Boiled,1
How Long Can,33
What Sort of,1
Add Flavor to,1
Tips for Reheating,1
What Causes Uneven,1
Characteristics of Shellfish,1
How to Soak,13
Which Apples Are,1
Slow Cooker Chicken,1
How to Leave,1
Tips on Cutting,2
Do Lobsters Make,1
How Is Imitation,1
How Is Kobe,1
How to Fondue,1
Homemade Lobster Ravioli,1
Pork Rib Marinade,1
How to Minimize,1
What Is Sirloin,1
Turkey Roaster Directions,1
Types of Corn,1
How to be,1
Can a Bag,1
Can You Deep,3
Difference Between Baked,1
How to Emulsify,1
How to Transfer,1
How to Travel,1
The Only Royal,1
Can Meatloaf Be,1
How to Spread,3
Spiral Sliced Ham,1
How to Fix,41
List of Chinese,2
Vegetables That Go,2
Korean Herbs Spices,1
Easy Pokemon Go,1
Sheet Pan Dinner,2
Alternatives to Microwave,1
What Is Glutinous,1
Sushi Bowls Deconstructed,1
Homemade Mozzarella Cheese,1
Why Are Swedish,1
What Flavors Best,1
Difference Between Canola,1
Olive Garden s,1
Salad Bar Ideas,1
How to Time,1
Recipe Tutorial How,1
How to Pair,2
How to Decide,1
What Is Rock,1
The Best Side,1
Black Bean and,1
Instructions for Canning,1
Salads That Go,1
Gluten Free Maple,1
Less Expensive Substitutes,1
How to Double,4
Sterno Chafing Dish,1
How to Win,1
Types of Wild,1
Omega 3 Vegetarian,1
What Finger Foods,1
Six Types of,1
What Herbs Go,2
What Foods Can,1
What Are Slow,1
Disney Aladdin Snack,1
Are Crock Pots,1
Gourmet Coffee Spices,1
Fruits Vegetables Grown,1
How to Tint,1
Cooking Conversion Table,1
Difference Between Idaho,1
How to Swirl,1
Do Ziploc Bags,1
How To Make,1
Convection Roast vs,1
How to Catch,3
Everything but the,1
Olive Garden Recipe,1
Difference Between Olive,1
Easy Spanish Appetizers,1
Cold Appetizer Ideas,1
How to Shape,3
List of France,1
How to Identify,9
How to Crush,5
Does a Kiwifruit,1
How to Learn,1
Bachelor Party Food,1
How to Import,1
What Is Chocolate,1
Difference Between Vegetable,1
Black Decker Quick,1
Blackened Vs Char,1
Cake Ideas for,1
The Different Cuts,1
What Happens to,2
Mashed Potato Cheesy,1
What Kind of,21
Every Essential Kitchen,1
Hoisin Vs Plum,1
How to Grind,9
Popular 18 Up,1
How to Wash,10
Bourbon Hot Chocolate,1
Delicious French Cheese,1
Good Ways to,1
Alternatives to Soaking,1
New York Strip,1
What to Serve,9
We Need to,1
Alcohol in Eggnog,1
Master These Cooking,1
Things to Garnish,1
How Is Italian,1
Hors D oeuvres,1
How to Grill,132
Can I Save,1
Asian Spoon Appetizer,1
Ingredients of Caesar,1
Which Saltwater Fish,1
What Is Raclette,1
Does Duck Sauce,1
How to Flake,1
Meat Cuts of,1
Difference Between Asian,1
Which Side Goes,1
Differences Between Ricotta,1
Most Expensive Cuts,1
The Top Five,1
Quick Easy Supper,1
Cheesy Barbecue Bacon,1
The Four Stages,1
About Hygiene in,1
What Is Double,1
How to Operate,2
Where to Buy,2
How to Butterfly,2
Classic Homemade Pecan,1
Swedish Breakfast Foods,1
Christian Bars in,1
How to Eliminate,1
Gruyere Vs Swiss,1
Pearl Onion vs,1
Difference Between Summer,1
Does Canned Soup,1
Ultimate Homemade Gravy,1
What Food Products,1
The Best and,2
Can Tuna in,1
Qualities of Good,1
Absolute Best Pots,1
Can I Precook,1
How to Warm,9
Single Cut Vs,1
How to Wet,1
How to Frost,7
What Is Fleur,1
Signs of Spoiled,1
What Is Reconstituted,1
How to Spike,1
What Part of,5
What Are Wasabi,1
An Alternative to,1
How to Pack,6
How to Shred,9
Moong Daal Quinoa,1
How to Shell,7
Decorative Pie Crusts,1
Which Country Produces,1
Salt Vs Non,1
Homemade Hot Dog,1
What Is Unleavened,1
Broccoli Cheddar Frittata,1
Does Dry Chili,1
Facts About Reese,1
How to Scoop,1
Directions for Cooking,2
Cream vs Butter,1
Homemade Vegetable Soup,1
How to Moist,1
Uses for Acetic,1
These Breakfast Buffet,1
Homemade Low Carb,1
Great Potluck Ideas,1
What Is Rodizio,1
Ampia Pasta Machine,1
Cast Iron Seasoning,1
How to Fry,64
When Is a,1
Herbs Spices Commonly,1
Substitutions for Jalapeno,1
Types of Portuguese,1
Buffet Style Finger,1
Easy Way to,5
Ideas for Luau,1
Last Minute Work,1
How to Flame,1
How to Broil,36
Easy Potluck Dishes,1
How to Sweat,1
What Causes Raw,1
Why Is Bratwurst,1
How to make,29
Tecate Beer Ingredients,1
What Is Tomato,1
Can You Reheat,1
How to Blind,1
Finger Food Ideas,1
How to Truss,4
How to Recarbonate,1
Irish Cream Poundcake,1
What Chemicals Does,1
How to Color,10
Varieties of Summer,1
List Four Different,1
Pig Shaped Snacks,1
Tender Cooker Instructions,1
How To Mix,1
Where Did Arroz,1
How to Prune,1
Uses for Pickled,1
Pumpkin Spice Vs,1
How to Score,1
Wild Edible Mushrooms,1
Very Best Fried,1
Things to Dip,2
Boysenberry Jam Recipe,1
Names of Cheese,1
Jell O Shot,1
Easy Eggnog Flavored,1
Kinds of Cilantro,1
Instructions for Re,1
The Best Seasonings,2
Foods That Boost,1
How to Flash,1
Different Ways to,2
Cacio e Pepe,1
How to Judge,1
Are Avocados Good,1
What Are Sizzle,1
How to Batter,1
List of Nuts,1
What Is Grade,1
Difference Between German,1
Brined Turkey Cooking,1
Types of Cooked,1
Bread Machine Yeast,1
How to Pipe,5
What Are Pig,1
What Nuts Can,1
Kinds of Clear,1
About Budweiser Christmas,1
What Makes Homemade,1
How to Insert,1
Foods That Go,1
No Bake Peanut,1
Meals in the,1
Canned Tuna Vs,1
Differences Between Corn,2
Which Vegetables Are,1
Types of Pasteurized,1
Instant Pot Recipe,4
Herbs to Use,1
How to Perform,1
Gluten Free Stuffing,1
Does Chow Mein,1
The Dangers of,2
The Uses of,2
Malted Milk Ball,1
When Are Maryland,1
Directions on How,2
Pyrex Digital Thermometer,1
How do I,15
How to Peel,32
Substitute for Shredded,1
Redi Check Remote,1
Meals With Bruschetta,1
How to Drizzle,2
How to Have,5
Broccoli Cheese Stuffed,1
Single Malt Scotch,1
Identifying Types of,1
Parts of the,1
Instructions for Precooked,1
The Best Brunch,1
How to Saut,5
Types of Carbonated,1
How to Reconstitute,2
How to Set,4
Is Granite Good,1
John Morrell Smoked,1
Cow Butchering Facts,1
How to Simplify,1
How to Strain,2
Can You Put,1
What Are Presto,1
How to Naturally,1
Diet of the,1
How to Save,4
How to Sew,1
How to Spice,1
Black Tap Copycat,1
How Much Does,1
Should You Remove,1
What Do Eggs,1
How Is Cottage,1
