Make,7331
Cook,657
Bake,245
Prepare,154
Use,91
Grill,62
Eat,60
Choose,44
Roast,42
Clean,34
Store,31
Fry,29
Create,28
Buy,26
Cut,24
Decorate,23
Boil,21
Smoke,19
Add,17
Freeze,17
Keep,17
Tell,16
Pickle,15
Fix,14
Get,13
Season,12
Melt,12
Thicken,11
Serve,11
Marinate,11
Carve,11
Reheat,11
Stop,9
Poach,9
Peel,9
Order,9
Blanch,8
Substitute,8
Pan,8
Color,8
Can,8
Ripen,8
Find,8
Prevent,8
Slow,7
Microwave,7
Broil,7
Improve,7
Steam,7
Sweeten,6
Reduce,6
Tenderize,6
Pick,6
Cure,6
Know,6
Dehydrate,6
Remove,6
Preserve,6
Fold,5
Pack,5
Be,5
Brine,5
Frost,5
Turn,5
Fillet,5
Shred,5
Fill,5
Dry,5
Enjoy,5
Soften,5
Have,5
Heat,4
Ice,4
Select,4
Upgrade,4
Test,4
Ferment,4
Saute,4
Toast,4
Identify,4
Bread,4
Deep,4
Flavor,4
Adjust,4
Defrost,4
Saut,4
Become,4
Pipe,4
Braise,4
Rescue,3
Sear,3
Measure,3
Handle,3
Line,3
Stock,3
Cover,3
Baste,3
Roll,3
Brown,3
Oven,3
Chop,3
Cool,3
Stir,3
Save,3
Troubleshoot,3
Parboil,3
Blacken,3
Produce,2
BBQ,2
Grow,2
Follow,2
Spatchcock,2
Toss,2
Butcher,2
Pop,2
Wrap,2
Open,2
Salt,2
Boost,2
Maximize,2
Mince,2
Apply,2
Warm,2
Pluck,2
Avoid,2
Mold,2
Do,2
Temper,2
Collect,2
Puree,2
Truss,2
Hold,2
Check,2
Go,2
Debone,2
Enhance,2
Air,2
Top,2
Broast,2
Shape,2
Lessen,2
Freshen,2
Raise,2
Soak,2
Cream,2
Finely,2
Build,2
Sprout,2
Core,2
Strain,2
Understand,2
Slice,2
Desalt,2
Grate,2
Beat,2
Shuck,2
Dress,2
Explain,2
Thaw,2
Whip,2
Reverse,1
Pepper,1
Render,1
Coagulate,1
Braai,1
Design,1
Print,1
Develop,1
Purge,1
Smooth,1
Malt,1
Verify,1
Pare,1
Drain,1
Sneak,1
Activate,1
Bloom,1
Transfer,1
Split,1
Glaze,1
Sour,1
Grocery,1
Pull,1
Set,1
Halve,1
Veganize,1
Curdle,1
Decide,1
Dye,1
Differentiate,1
Easily,1
Feather,1
Rehydrate,1
Clarify,1
Macerate,1
Minimize,1
Assemble,1
Quickly,1
Section,1
Figure,1
Crystallize,1
Crisp,1
Learn,1
Display,1
Crack,1
Take,1
Breed,1
Start,1
Stabilize,1
Lace,1
Wash,1
Cajun,1
Sweat,1
Deliver,1
Paint,1
Flip,1
Remedy,1
Knead,1
Seed,1
Press,1
Separate,1
Form,1
Zest,1
Naturally,1
Plant,1
Safely,1
Stew,1
Age,1
Scoop,1
Blind,1
Replace,1
Reuse,1
Unmould,1
Fondue,1
Infuse,1
Pound,1
Bake.json,1
Shave,1
Reconstitute,1
Arrange,1
Juice,1
Extract,1
Kosher,1
Prune,1
Work,1
Determine,1
Gaff,1
Stuff,1
Flavour,1
Spike,1
Revitalize,1
Gut,1
Live,1
Hard,1
Liquify,1
Repackage,1
Switch,1
Transport,1
Rinse,1
Hide,1
Write,1
Glace,1
Regrow,1
Hull,1
Sell,1
Improvise,1
Kill,1
Pasteurize,1
Quick,1
Appreciate,1
Plan,1
Layer,1
Celebrate,1
Hardboil,1
Transition,1
Pit,1
Crush,1
Charcoal,1
Puff,1
Plug,1
Drink,1
Harvest,1
Trade,1
Spread,1
Dissolve,1
Swirl,1
Candy,1
Patent,1
Feed,1
Coat,1
Plump,1
Double,1
Kettle,1
Fondant,1
Proof,1
Skin,1
Convince,1
Pickle.json,1
Win,1
Butterfly,1
Source,1
Twist,1
Decrystallize,1
Dilute,1
Finish,1
Simplify,1
Stretch,1
Scale,1
Change,1
Lattice,1
Scramble,1
Mail,1
Spend,1
Crumble,1
Diversify,1
Caramelise,1
